{
  "backup_device_uuid" : "f1f9c4ad-61fd-4b7f-9044-8555b99d94e5",
  "parent_device_uuid" : "",
  "do_first_run" : "true",
  "btrfs_mode" : "false",
  "include_btrfs_home" : "false",
  "stop_cron_emails" : "true",
  "schedule_monthly" : "true",
  "schedule_weekly" : "true",
  "schedule_daily" : "true",
  "schedule_hourly" : "false",
  "schedule_boot" : "true",
  "count_monthly" : "2",
  "count_weekly" : "3",
  "count_daily" : "5",
  "count_hourly" : "6",
  "count_boot" : "5",
  "snapshot_size" : "0",
  "snapshot_count" : "0",
  "exclude" : [
	 "/shares",
	 "/homes",
	 "/www",
	 "/var/log"
  ],
  "exclude-apps" : [
  ]
}
